{
  "val": {
    "n_samples": 7288,
    "mae_years": 1.556,
    "mae_log": 0.3247,
    "mape": 34.64,
    "r2_year": 0.7763,
    "r2_price_log": 0.8073,
    "within_brand_corr_mean": 0.7009,
    "within_brand_corr_n_brands": 50,
    "within_brand_corr_per_brand": {
      "Abarth": 0.5964110537854169,
      "Alfa Romeo": 0.8353483001424512,
      "Aston Martin": 0.9868088064509076,
      "Audi": 0.7632361814805418,
      "BMW": 0.7870779945121964,
      "Bentley": 0.6660855735388682,
      "Chevrolet": 0.9864453086634176,
      "Chrysler": 0.03183376411375805,
      "Citroen": 0.5770230268554246,
      "DS": 0.8066593746190521,
      "Dacia": 0.4909936848114529,
      "Daihatsu": null,
      "Dodge": -0.9929867627673056,
      "Ferrari": 0.37311969010919377,
      "Fiat": 0.8822260468373362,
      "Ford": 0.838447072936249,
      "Honda": 0.851039722900474,
      "Hyundai": 0.8918006229660521,
      "Infiniti": 0.6112005873176383,
      "Isuzu": 0.5394220886659189,
      "Jaguar": 0.8088104062355072,
      "Jeep": 0.8761415675555845,
      "Kia": 0.8412319889236042,
      "Lamborghini": 0.6184013644943982,
      "Land Rover": 0.7203424283667419,
      "Lexus": 0.8471377207525853,
      "Lotus": 0.5,
      "MG": 0.8329110210460005,
      "MINI": 0.8711557190007618,
      "Maserati": 0.7024666985303649,
      "Mazda": 0.7730525187939368,
      "McLaren": 0.26638461660375645,
      "Mercedes-Benz": 0.7509373596062701,
      "Mitsubishi": 0.7879102122344454,
      "Nissan": 0.8990405785365102,
      "Peugeot": 0.8460668236164558,
      "Porsche": 0.7631312576624342,
      "Renault": 0.8377817759188524,
      "Rolls-Royce": 0.9260435933372002,
      "Rover": 0.9750750986327552,
      "SEAT": 0.8469825324295127,
      "SKODA": 0.889058024589192,
      "Saab": 0.48076302961132,
      "Smart": 0.6350140709334485,
      "Ssangyong": 0.6704381813215162,
      "Subaru": 0.8086376910058599,
      "Suzuki": 0.5190686961199246,
      "Tesla": null,
      "Toyota": 0.7743854286373294,
      "Vauxhall": 0.831593826933254,
      "Volkswagen": 0.8493633561420667,
      "Volvo": 0.7759294619418227
    }
  },
  "test": {
    "n_samples": 7270,
    "mae_years": 1.54,
    "mae_log": 0.3285,
    "mape": 34.88,
    "r2_year": 0.7742,
    "r2_price_log": 0.8,
    "within_brand_corr_mean": 0.6623,
    "within_brand_corr_n_brands": 49,
    "within_brand_corr_per_brand": {
      "Abarth": 0.2429846127670667,
      "Alfa Romeo": 0.833522794823083,
      "Aston Martin": 0.7050494728764186,
      "Audi": 0.7684592455147189,
      "BMW": 0.784378666438287,
      "Bentley": 0.6049010444650879,
      "Chevrolet": 0.7294095486718087,
      "Chrysler": -0.1944730692365706,
      "Citroen": 0.7722109017869444,
      "DS": 0.5076013884398378,
      "Dacia": 0.6872480023042431,
      "Dodge": 0.02119913406688055,
      "Ferrari": 0.42148667448466165,
      "Fiat": 0.7573098892711158,
      "Ford": 0.8419576666894231,
      "Honda": 0.7262815457970289,
      "Hyundai": 0.8591725304555451,
      "Infiniti": 0.8625535547492255,
      "Isuzu": 0.5524949693812607,
      "Jaguar": 0.8678139488749511,
      "Jeep": 0.5681925211067061,
      "Kia": 0.826214481168992,
      "Lamborghini": 0.21476486472365441,
      "Land Rover": 0.7781013631182844,
      "Lexus": 0.8015275214104974,
      "Lotus": null,
      "MG": 0.7254033046476839,
      "MINI": 0.8306593741541567,
      "Maserati": 0.5822793313885641,
      "Maybach": null,
      "Mazda": 0.8633466606918745,
      "McLaren": 0.4504068675872885,
      "Mercedes-Benz": 0.750962180814608,
      "Mitsubishi": 0.6785257700523775,
      "Nissan": 0.8469948318941161,
      "Peugeot": 0.8149067578006701,
      "Porsche": 0.5493928424317307,
      "Renault": 0.8767098015336835,
      "Rolls-Royce": null,
      "Rover": 0.8393184659535974,
      "SEAT": 0.5536004092377078,
      "SKODA": 0.860230195080916,
      "Saab": 0.18348247679357435,
      "Smart": 0.3695862605290652,
      "Ssangyong": 0.7329895173020028,
      "Subaru": 0.7155748221204384,
      "Suzuki": 0.6579724091957119,
      "Tesla": 0.7177792532330395,
      "Toyota": 0.7868949068689203,
      "Vauxhall": 0.8366439785561453,
      "Volkswagen": 0.854263053424686,
      "Volvo": 0.8330198993290074,
      "Zenos": null
    }
  },
  "holdout": {
    "n_samples": 7476,
    "mae_years": 1.91,
    "mae_log": 0.3946,
    "mape": 44.09,
    "r2_year": 0.6505,
    "r2_price_log": 0.7082,
    "within_brand_corr_mean": 0.4499,
    "within_brand_corr_n_brands": 32,
    "within_brand_corr_per_brand": {
      "Alfa Romeo": -0.9998286122939477,
      "Audi": 0.6667087493292686,
      "BMW": 0.12987205281129716,
      "Chevrolet": 0.4924943129003049,
      "DS": 0.415560045224875,
      "Daihatsu": -0.07381653746553436,
      "Ferrari": 0.4102191056951425,
      "Fiat": 0.6733849041903007,
      "Ford": 0.7926435938173103,
      "Honda": 0.6058285824736095,
      "Hyundai": 0.2683186131670501,
      "Infiniti": 0.11953485195961026,
      "Isuzu": null,
      "Jaguar": 0.6175120912391534,
      "Kia": 0.8297926253553233,
      "Lexus": 0.7895160278540339,
      "MINI": 0.2242803537267968,
      "Maserati": null,
      "McLaren": -0.10392031554976222,
      "Mercedes-Benz": 0.8091078400645705,
      "Mitsubishi": 0.6222003250721796,
      "Nissan": 0.8245577440994303,
      "Peugeot": 0.5901644563667556,
      "Porsche": 0.6231940184935952,
      "Renault": 0.8131897478750046,
      "Rover": null,
      "SEAT": 0.4320552278016289,
      "SKODA": 0.16240350638266307,
      "Smart": 0.5663271889283822,
      "Ssangyong": 0.30109031789141333,
      "TVR": 0.8787210446000591,
      "Toyota": 0.6532514019684462,
      "Vauxhall": 0.017840265153037334,
      "Volkswagen": 0.4157970855820181,
      "Volvo": 0.8293932766707653
    }
  }
}