{
  "val": {
    "n_samples": 26538,
    "mae_years": 1.313,
    "mae_log": 0.2775,
    "mape": 30.74,
    "r2_year": 0.8383,
    "r2_price_log": 0.8522,
    "within_brand_corr_mean": 0.6536,
    "within_brand_corr_n_brands": 52,
    "within_brand_corr_per_brand": {
      "Abarth": 0.8149217257887406,
      "Alfa Romeo": 0.8671700356722699,
      "Aston Martin": 0.6080177694300571,
      "Audi": 0.8462180078316288,
      "BMW": 0.862274113826601,
      "Bentley": 0.4430774304728542,
      "Chevrolet": 0.9072859362515585,
      "Chrysler": 0.19881368657948548,
      "Citroen": 0.8106463636250136,
      "DS": 0.7539312844511931,
      "Dacia": 0.6843027541582803,
      "Daihatsu": 0.33961453494502963,
      "Dodge": 0.3514460144266886,
      "Ferrari": 0.23778711800347135,
      "Fiat": 0.8052861417563039,
      "Ford": 0.8791774117653818,
      "Honda": 0.8428745806072228,
      "Hummer": null,
      "Hyundai": 0.8861992289038658,
      "Infiniti": 0.41252597760545084,
      "Isuzu": 0.4747438798206397,
      "Jaguar": 0.8804582701357865,
      "Jeep": 0.8074355422050523,
      "Kia": 0.8601413391509953,
      "Lamborghini": 0.5650587969112115,
      "Land Rover": 0.8487603955606299,
      "Lexus": 0.8876999583446207,
      "Lincoln": null,
      "Lotus": -0.19478934854362884,
      "MG": 0.7249394607508753,
      "MINI": 0.8540226978551314,
      "Maserati": 0.7647825834743264,
      "Maybach": null,
      "Mazda": 0.8841204229952421,
      "McLaren": 0.07526440407860545,
      "Mercedes-Benz": 0.7848481724740283,
      "Mitsubishi": 0.8032475671100427,
      "Morgan": null,
      "Nissan": 0.8061376688062624,
      "Peugeot": 0.8827072005568619,
      "Porsche": 0.8009981421257267,
      "Proton": -0.3787331328914921,
      "Renault": 0.8750032484058208,
      "Rolls-Royce": -0.08398090861704925,
      "Rover": -0.0036722901290438367,
      "SEAT": 0.8665857847846127,
      "SKODA": 0.8943980578178241,
      "Smart": 0.33423722978580755,
      "Ssangyong": 0.5211010923854401,
      "Subaru": 0.7706922672020043,
      "Suzuki": 0.7972598762474671,
      "Tesla": 0.9157668106971903,
      "Toyota": 0.8326415375407441,
      "Vauxhall": 0.8115290606667157,
      "Volkswagen": 0.8792782761166906,
      "Volvo": 0.8946586731375104
    }
  },
  "test": {
    "n_samples": 26516,
    "mae_years": 1.327,
    "mae_log": 0.2757,
    "mape": 30.56,
    "r2_year": 0.8346,
    "r2_price_log": 0.8507,
    "within_brand_corr_mean": 0.6968,
    "within_brand_corr_n_brands": 51,
    "within_brand_corr_per_brand": {
      "Abarth": 0.7225193165020899,
      "Alfa Romeo": 0.7820353973799129,
      "Aston Martin": 0.9360420650962518,
      "Audi": 0.44867187403289843,
      "BMW": 0.860707593318396,
      "Bentley": 0.6081655958847454,
      "Chevrolet": 0.7528005595675133,
      "Chrysler": 0.41051235005168796,
      "Citroen": 0.8817176563340055,
      "DS": 0.739651040967387,
      "Dacia": 0.56167344146371,
      "Daihatsu": 0.506430014849766,
      "Dodge": 0.8540105507108505,
      "Ferrari": 0.6185488536729226,
      "Fiat": 0.8305680030433897,
      "Ford": 0.8666964053919612,
      "Great Wall": null,
      "Honda": 0.8325007643905107,
      "Hyundai": 0.8776155649547022,
      "Infiniti": 0.5191728330542558,
      "Isuzu": 0.5397937288525001,
      "Jaguar": 0.9079526452286998,
      "Jeep": 0.8600082392108441,
      "Kia": 0.840430404963476,
      "Lamborghini": 0.5778084442524067,
      "Land Rover": 0.8519608344435505,
      "Lexus": 0.8443763660073399,
      "Lincoln": null,
      "Lotus": 0.6555438503813562,
      "MG": 0.7703108939783684,
      "MINI": 0.8769639012870907,
      "Maserati": 0.6455410764563652,
      "Mazda": 0.8806532097408319,
      "McLaren": -0.27803183432253675,
      "Mercedes-Benz": 0.7820070720127514,
      "Mitsubishi": 0.8378127569925654,
      "Nissan": 0.7994769354953218,
      "Opel": null,
      "Peugeot": 0.862830788735185,
      "Porsche": 0.7772657533798584,
      "Renault": 0.7767992725442241,
      "Rolls-Royce": -0.3019064051404401,
      "Rover": 0.33806275886994774,
      "SEAT": 0.8697883279560396,
      "SKODA": 0.875386616246276,
      "Smart": 0.7624622109362746,
      "Ssangyong": 0.6153630161672232,
      "Subaru": 0.6646068731496905,
      "Suzuki": 0.7968403515938085,
      "Tesla": 0.03503786669766714,
      "Toyota": 0.8226866288318905,
      "Vauxhall": 0.8562264161508248,
      "Volkswagen": 0.888165454765983,
      "Volvo": 0.8957764164762497
    }
  },
  "holdout": {
    "n_samples": 33249,
    "mae_years": 1.727,
    "mae_log": 0.3747,
    "mape": 44.32,
    "r2_year": 0.736,
    "r2_price_log": 0.7619,
    "within_brand_corr_mean": 0.4488,
    "within_brand_corr_n_brands": 35,
    "within_brand_corr_per_brand": {
      "Aston Martin": 0.7350749910272176,
      "Audi": 0.8162532885108078,
      "BMW": 0.40608398575440346,
      "Bentley": null,
      "Chevrolet": 0.061347690364339895,
      "Citroen": 0.21476385119027416,
      "Corvette": null,
      "DS": 0.12572775875543502,
      "Daewoo": 0.14124405302059778,
      "Daihatsu": null,
      "Dodge": 0.0792631365464854,
      "Ferrari": 0.15527788709666848,
      "Fiat": 0.7368038712374773,
      "Ford": 0.8226518412038526,
      "Hyundai": 0.7843206461742839,
      "Infiniti": 0.0018813764794221456,
      "Jaguar": null,
      "Jeep": 0.7517135431701043,
      "Kia": 0.7822063178192781,
      "Land Rover": 0.31823336077726894,
      "Lexus": 0.8220154299991458,
      "MG": -0.013037499299059155,
      "MINI": null,
      "Maserati": 0.188853929196428,
      "Mazda": -0.3060309302795389,
      "Mercedes-Benz": 0.6937929033518712,
      "Mitsubishi": -0.24255309209250211,
      "Nissan": 0.7389038308607303,
      "Peugeot": 0.8381785476043938,
      "Porsche": 0.6540013995605315,
      "Renault": 0.6954441320287731,
      "Rolls-Royce": -0.14232843915639348,
      "Rover": null,
      "SEAT": 0.3312807803308233,
      "Saab": 0.4813186444519587,
      "Smart": 0.2331525255279329,
      "Ssangyong": 0.8224282618804456,
      "Subaru": 0.5900878477621959,
      "Toyota": 0.9823813967265437,
      "Vauxhall": 0.7899052220955664,
      "Volkswagen": 0.6166481947313933
    }
  }
}