{
  "val": {
    "n_samples": 7288,
    "mae_years": 1.618,
    "mae_log": 0.3318,
    "mape": 35.93,
    "r2_year": 0.7638,
    "r2_price_log": 0.8004,
    "within_brand_corr_mean": 0.7137,
    "within_brand_corr_n_brands": 50,
    "within_brand_corr_per_brand": {
      "Abarth": 0.5679681311827969,
      "Alfa Romeo": 0.7856900693335784,
      "Aston Martin": 0.9649396645094245,
      "Audi": 0.7729255324757854,
      "BMW": 0.7460368887331496,
      "Bentley": 0.4394095574419454,
      "Chevrolet": 0.9679388207662409,
      "Chrysler": 0.14693704203070354,
      "Citroen": 0.7790495044915134,
      "DS": 0.810927144445019,
      "Dacia": 0.5068874261517021,
      "Daihatsu": null,
      "Dodge": 0.05247960925147584,
      "Ferrari": 0.4072511295536801,
      "Fiat": 0.8650660716960651,
      "Ford": 0.8658259948596766,
      "Honda": 0.8657693999235332,
      "Hyundai": 0.8875617943493472,
      "Infiniti": 0.6940753591387949,
      "Isuzu": 0.2644652039513516,
      "Jaguar": 0.8506830731523439,
      "Jeep": 0.71332670934168,
      "Kia": 0.8392559930998563,
      "Lamborghini": 0.39470235176112817,
      "Land Rover": 0.6788854733920966,
      "Lexus": 0.7893675858913485,
      "Lotus": 0.9490772076191879,
      "MG": 0.7969902578487411,
      "MINI": 0.8820787408900131,
      "Maserati": 0.5882317211054847,
      "Mazda": 0.8530869779761899,
      "McLaren": 0.13503362588529558,
      "Mercedes-Benz": 0.7443794251755427,
      "Mitsubishi": 0.8539592565102015,
      "Nissan": 0.8629228634807051,
      "Peugeot": 0.8335575115371855,
      "Porsche": 0.7721187034770892,
      "Renault": 0.8037586798024493,
      "Rolls-Royce": 0.876656032774291,
      "Rover": 0.6978793023464754,
      "SEAT": 0.8223154362393406,
      "SKODA": 0.876424217984648,
      "Saab": 0.5473150909931471,
      "Smart": 0.7538141498260034,
      "Ssangyong": 0.6758462887759741,
      "Subaru": 0.7928946064590198,
      "Suzuki": 0.6686360993598028,
      "Tesla": null,
      "Toyota": 0.7753816112146569,
      "Vauxhall": 0.8150592951931135,
      "Volkswagen": 0.8104861862910412,
      "Volvo": 0.8387880406345637
    }
  },
  "test": {
    "n_samples": 7270,
    "mae_years": 1.612,
    "mae_log": 0.3354,
    "mape": 35.42,
    "r2_year": 0.7625,
    "r2_price_log": 0.7944,
    "within_brand_corr_mean": 0.6311,
    "within_brand_corr_n_brands": 49,
    "within_brand_corr_per_brand": {
      "Abarth": 0.4912183014583,
      "Alfa Romeo": 0.8471543670319581,
      "Aston Martin": 0.50116374067154,
      "Audi": 0.795584721331067,
      "BMW": 0.7512747379570022,
      "Bentley": 0.7129593104707341,
      "Chevrolet": 0.8224706828959131,
      "Chrysler": -0.0636298218328913,
      "Citroen": 0.7570259129726781,
      "DS": 0.512693563665967,
      "Dacia": 0.6630001686885456,
      "Dodge": -0.04025047404884722,
      "Ferrari": 0.6355899408906973,
      "Fiat": 0.8333549790527038,
      "Ford": 0.7970274928136422,
      "Honda": 0.7199276475745124,
      "Hyundai": 0.855779400471313,
      "Infiniti": 0.6845262466924195,
      "Isuzu": 0.3052987027270676,
      "Jaguar": 0.8572291936373744,
      "Jeep": 0.5599815647478485,
      "Kia": 0.7896526148783078,
      "Lamborghini": 0.0067193694397229215,
      "Land Rover": 0.6875957642269036,
      "Lexus": 0.8355842246995352,
      "Lotus": null,
      "MG": 0.787537506324641,
      "MINI": 0.833556372304241,
      "Maserati": 0.12643733391619108,
      "Maybach": null,
      "Mazda": 0.8103281256231375,
      "McLaren": 0.5131400274032779,
      "Mercedes-Benz": 0.7712783216093391,
      "Mitsubishi": 0.7007294053644578,
      "Nissan": 0.8004144061034671,
      "Peugeot": 0.8648811550600659,
      "Porsche": 0.42707228420599036,
      "Renault": 0.8413331463860187,
      "Rolls-Royce": null,
      "Rover": 0.14636746914923654,
      "SEAT": 0.7240038358711613,
      "SKODA": 0.8677332532980042,
      "Saab": 0.24606321778768073,
      "Smart": 0.3470017378114441,
      "Ssangyong": 0.8452048784499367,
      "Subaru": 0.5981262977257236,
      "Suzuki": 0.716867811774966,
      "Tesla": 0.3367682567921597,
      "Toyota": 0.7817796439300729,
      "Vauxhall": 0.8324754388405552,
      "Volkswagen": 0.8495875027873356,
      "Volvo": 0.8355877133546686,
      "Zenos": null
    }
  },
  "holdout": {
    "n_samples": 7476,
    "mae_years": 1.943,
    "mae_log": 0.3943,
    "mape": 43.95,
    "r2_year": 0.6505,
    "r2_price_log": 0.7116,
    "within_brand_corr_mean": 0.4723,
    "within_brand_corr_n_brands": 32,
    "within_brand_corr_per_brand": {
      "Alfa Romeo": -0.737073886397051,
      "Audi": 0.6398217641382888,
      "BMW": 0.28810525917648455,
      "Chevrolet": 0.5890229170080772,
      "DS": 0.2842674107534264,
      "Daihatsu": -0.18928505220078448,
      "Ferrari": 0.48164115997525836,
      "Fiat": 0.6955282353476392,
      "Ford": 0.8119906129536719,
      "Honda": 0.57453094052499,
      "Hyundai": 0.4223340131213089,
      "Infiniti": 0.08556722815911093,
      "Isuzu": null,
      "Jaguar": 0.6147855355358816,
      "Kia": 0.8426925378389256,
      "Lexus": 0.7097162992743432,
      "MINI": 0.14411001693803402,
      "Maserati": null,
      "McLaren": 0.3315958078202409,
      "Mercedes-Benz": 0.799861697587112,
      "Mitsubishi": 0.6639511067235775,
      "Nissan": 0.7996626479375938,
      "Peugeot": 0.518348240931509,
      "Porsche": 0.5078892044313689,
      "Renault": 0.8028496096231363,
      "Rover": null,
      "SEAT": 0.5403024421915603,
      "SKODA": 0.24432734539940396,
      "Smart": 0.8820508165320186,
      "Ssangyong": -0.08717829538625622,
      "TVR": 0.4569415453286105,
      "Toyota": 0.72904040734371,
      "Vauxhall": 0.4599656673585888,
      "Volkswagen": 0.37057513016159105,
      "Volvo": 0.8357464259890449
    }
  }
}